{
  "hash": "9b4b29ab",
  "configHash": "0ca68b9a",
  "lockfileHash": "ca1b8c75",
  "browserHash": "2ec8a522",
  "optimized": {
    "@angular/core": {
      "src": "../../../../../../node_modules/@angular/core/fesm2022/core.mjs",
      "file": "@angular_core.js",
      "fileHash": "b88d93b1",
      "needsInterop": false
    },
    "@angular/platform-browser": {
      "src": "../../../../../../node_modules/@angular/platform-browser/fesm2022/platform-browser.mjs",
      "file": "@angular_platform-browser.js",
      "fileHash": "40055995",
      "needsInterop": false
    },
    "@angular/router": {
      "src": "../../../../../../node_modules/@angular/router/fesm2022/router.mjs",
      "file": "@angular_router.js",
      "fileHash": "56d5fbaa",
      "needsInterop": false
    },
    "@angular/forms": {
      "src": "../../../../../../node_modules/@angular/forms/fesm2022/forms.mjs",
      "file": "@angular_forms.js",
      "fileHash": "7d4502ee",
      "needsInterop": false
    }
  },
  "chunks": {
    "chunk-JGNWGNPH": {
      "file": "chunk-JGNWGNPH.js"
    },
    "chunk-WMN4W3IO": {
      "file": "chunk-WMN4W3IO.js"
    },
    "chunk-XOTSFRSW": {
      "file": "chunk-XOTSFRSW.js"
    }
  }
}